title,catogery,rate,price,availability
It's Only the Himalayas,Travel,Two,£45.17,In stock
Full Moon over Noah’s ...,Travel,Four,£49.43,In stock
See America: A Celebration ...,Travel,Three,£48.87,In stock
Vagabonding: An Uncommon Guide ...,Travel,Two,£36.94,In stock
Under the Tuscan Sun,Travel,Three,£37.33,In stock
A Summer In Europe,Travel,Two,£44.34,In stock
The Great Railway Bazaar,Travel,One,£30.54,In stock
A Year in Provence ...,Travel,Four,£56.88,In stock
The Road to Little ...,Travel,One,£23.21,In stock
Neither Here nor There: ...,Travel,Three,£38.95,In stock
"1,000 Places to See ...",Travel,Five,£26.08,In stock
Sharp Objects,Mystery,Four,£47.82,In stock
"In a Dark, Dark ...",Mystery,One,£19.63,In stock
The Past Never Ends,Mystery,Four,£56.50,In stock
A Murder in Time,Mystery,One,£16.64,In stock
The Murder of Roger ...,Mystery,Four,£44.10,In stock
The Last Mile (Amos ...,Mystery,Two,£54.21,In stock
That Darkness (Gardiner and ...,Mystery,One,£13.92,In stock
Tastes Like Fear (DI ...,Mystery,One,£10.69,In stock
A Time of Torment ...,Mystery,Five,£48.35,In stock
A Study in Scarlet ...,Mystery,Two,£16.73,In stock
Poisonous (Max Revere Novels ...,Mystery,Three,£26.80,In stock
Murder at the 42nd ...,Mystery,Four,£54.36,In stock
Most Wanted,Mystery,Three,£35.28,In stock
Hide Away (Eve Duncan ...,Mystery,One,£11.84,In stock
Boar Island (Anna Pigeon ...,Mystery,Three,£59.48,In stock
The Widow,Mystery,Two,£27.26,In stock
Playing with Fire,Mystery,Three,£13.71,In stock
What Happened on Beale ...,Mystery,Five,£25.37,In stock
The Bachelor Girl's Guide ...,Mystery,Five,£52.30,In stock
Delivering the Truth (Quaker ...,Mystery,Four,£20.89,In stock
The Mysterious Affair at ...,Mystery,Four,£24.80,In stock
In the Woods (Dublin ...,Mystery,Two,£38.38,In stock
The Silkworm (Cormoran Strike ...,Mystery,Five,£23.05,In stock
The Exiled,Mystery,Three,£43.45,In stock
The Cuckoo's Calling (Cormoran ...,Mystery,One,£19.21,In stock
Extreme Prey (Lucas Davenport ...,Mystery,Three,£25.40,In stock
Career of Evil (Cormoran ...,Mystery,Two,£24.72,In stock
The No. 1 Ladies' ...,Mystery,Four,£57.70,In stock
The Girl You Lost,Mystery,Five,£12.29,In stock
The Girl In The ...,Mystery,Three,£15.85,In stock
Blood Defense (Samantha Brinkman ...,Mystery,Three,£20.30,In stock
1st to Die (Women's ...,Mystery,One,£53.98,In stock
Tipping the Velvet,Historical Fiction,One,£53.74,In stock
Forever and Forever: The ...,Historical Fiction,Three,£29.69,In stock
A Flight of Arrows ...,Historical Fiction,Five,£55.53,In stock
The House by the ...,Historical Fiction,One,£36.95,In stock
Mrs. Houdini,Historical Fiction,Five,£30.25,In stock
The Marriage of Opposites,Historical Fiction,Four,£28.08,In stock
Glory over Everything: Beyond ...,Historical Fiction,Three,£45.84,In stock
"Love, Lies and Spies",Historical Fiction,Two,£20.55,In stock
A Paris Apartment,Historical Fiction,Four,£39.01,In stock
Lilac Girls,Historical Fiction,Two,£17.28,In stock
The Constant Princess (The ...,Historical Fiction,Three,£16.62,In stock
The Invention of Wings,Historical Fiction,One,£37.34,In stock
World Without End (The ...,Historical Fiction,Four,£32.97,In stock
The Passion of Dolssa,Historical Fiction,Five,£28.32,In stock
Girl With a Pearl ...,Historical Fiction,One,£26.77,In stock
Voyager (Outlander #3),Historical Fiction,Five,£21.07,In stock
The Red Tent,Historical Fiction,Five,£35.66,In stock
The Last Painting of ...,Historical Fiction,Two,£55.55,In stock
The Guernsey Literary and ...,Historical Fiction,One,£49.53,In stock
Girl in the Blue ...,Historical Fiction,Two,£46.83,In stock
Between Shades of Gray,Historical Fiction,Five,£20.79,In stock
While You Were Mine,Historical Fiction,Five,£41.32,In stock
The Secret Healer,Historical Fiction,Three,£34.56,In stock
Starlark,Historical Fiction,Three,£25.83,In stock
Lost Among the Living,Historical Fiction,Four,£27.70,In stock
A Spy's Devotion (The ...,Historical Fiction,Five,£16.97,In stock
Scott Pilgrim's Precious Little ...,Sequential Art,Five,£52.29,In stock
Tsubasa: WoRLD CHRoNiCLE 2 ...,Sequential Art,One,£16.28,In stock
This One Summer,Sequential Art,Four,£19.49,In stock
The Nameless City (The ...,Sequential Art,Four,£38.16,In stock
"Saga, Volume 5 (Saga ...",Sequential Art,Two,£51.04,In stock
"Rat Queens, Vol. 3: ...",Sequential Art,Three,£50.40,In stock
"Princess Jellyfish 2-in-1 Omnibus, ...",Sequential Art,Five,£13.61,In stock
"Pop Gun War, Volume ...",Sequential Art,One,£18.97,In stock
Patience,Sequential Art,Three,£10.16,In stock
"Outcast, Vol. 1: A ...",Sequential Art,Four,£15.44,In stock
orange: The Complete Collection ...,Sequential Art,One,£48.41,In stock
"Lumberjanes, Vol. 2: Friendship ...",Sequential Art,Two,£46.91,In stock
"Lumberjanes, Vol. 1: Beware ...",Sequential Art,Three,£45.61,In stock
Lumberjanes Vol. 3: A ...,Sequential Art,Two,£19.92,In stock
"I Hate Fairyland, Vol. ...",Sequential Art,Two,£29.17,In stock
I am a Hero ...,Sequential Art,Three,£54.63,In stock
"Giant Days, Vol. 2 ...",Sequential Art,Two,£22.11,In stock
Danganronpa Volume 1,Sequential Art,Four,£51.99,In stock
"Codename Baboushka, Volume 1: ...",Sequential Art,Four,£36.72,In stock
Camp Midnight,Sequential Art,Four,£17.08,In stock
"Bitch Planet, Vol. 1: ...",Sequential Art,Two,£37.92,In stock
The Shadow Hero (The ...,Sequential Art,One,£33.14,In stock
"Fables, Vol. 1: Legends ...",Sequential Art,Four,£41.62,In stock
Batman: The Long Halloween ...,Sequential Art,Two,£36.50,In stock
Batman: The Dark Knight ...,Sequential Art,Five,£15.38,In stock
"Wonder Woman: Earth One, ...",Sequential Art,Four,£37.34,In stock
"We Are Robin, Vol. ...",Sequential Art,One,£53.90,In stock
Through the Woods,Sequential Art,Two,£25.38,In stock
Superman Vol. 1: Before ...,Sequential Art,Five,£11.89,In stock
"So Cute It Hurts!!, ...",Sequential Art,Four,£35.43,In stock
Robin War,Sequential Art,Three,£47.82,In stock
"Red Hood/Arsenal, Vol. 1: ...",Sequential Art,Two,£25.48,In stock
"Naruto (3-in-1 Edition), Vol. ...",Sequential Art,Two,£38.39,In stock
Lowriders to the Center ...,Sequential Art,Two,£51.51,In stock
El Deafo,Sequential Art,Five,£57.62,In stock
Batman: Europa,Sequential Art,Two,£32.01,In stock
Art Ops Vol. 1,Sequential Art,Three,£48.80,In stock
Adulthood Is a Myth: ...,Sequential Art,Two,£10.90,In stock
"Fruits Basket, Vol. 9 ...",Sequential Art,Four,£33.95,In stock
Roller Girl,Sequential Art,Five,£14.10,In stock
"Fruits Basket, Vol. 7 ...",Sequential Art,One,£19.57,In stock
"Fruits Basket, Vol. 6 ...",Sequential Art,Four,£20.96,In stock
"Death Note, Vol. 6: ...",Sequential Art,Three,£36.39,In stock
"Fruits Basket, Vol. 5 ...",Sequential Art,One,£16.33,In stock
"Death Note, Vol. 5: ...",Sequential Art,One,£52.41,In stock
The Demon Prince of ...,Sequential Art,Two,£27.88,In stock
"Fruits Basket, Vol. 4 ...",Sequential Art,Four,£50.44,In stock
The Wicked + The ...,Sequential Art,Three,£14.41,In stock
"The Sandman, Vol. 3: ...",Sequential Art,Five,£55.55,In stock
"Saga, Volume 3 (Saga ...",Sequential Art,Five,£21.57,In stock
Prodigy: The Graphic Novel ...,Sequential Art,Three,£43.63,In stock
Persepolis: The Story of ...,Sequential Art,One,£39.13,In stock
Original Fake,Sequential Art,Three,£31.45,In stock
"Grayson, Vol 3: Nemesis ...",Sequential Art,One,£42.72,In stock
"Fruits Basket, Vol. 3 ...",Sequential Art,Two,£45.17,In stock
"Black Butler, Vol. 1 ...",Sequential Art,One,£49.31,In stock
Awkward,Sequential Art,Two,£38.02,In stock
"The Sandman, Vol. 2: ...",Sequential Art,One,£54.81,In stock
"Saga, Volume 2 (Saga ...",Sequential Art,Three,£11.75,In stock
"Fruits Basket, Vol. 2 ...",Sequential Art,Five,£11.64,In stock
"Y: The Last Man, ...",Sequential Art,Four,£18.51,In stock
The Wicked + The ...,Sequential Art,Two,£36.52,In stock
"The Sandman, Vol. 1: ...",Sequential Art,Three,£54.12,In stock
The Complete Maus (Maus ...,Sequential Art,Three,£10.64,In stock
"Skip Beat!, Vol. 01 ...",Sequential Art,Three,£42.12,In stock
"Saga, Volume 1 (Saga ...",Sequential Art,One,£28.48,In stock
"Rat Queens, Vol. 1: ...",Sequential Art,Five,£46.96,In stock
"Paper Girls, Vol. 1 ...",Sequential Art,Four,£21.71,In stock
Ouran High School Host ...,Sequential Art,Three,£29.87,In stock
"Ms. Marvel, Vol. 1: ...",Sequential Art,Four,£39.39,In stock
"Hawkeye, Vol. 1: My ...",Sequential Art,Three,£45.24,In stock
"Giant Days, Vol. 1 ...",Sequential Art,Four,£56.76,In stock
"Fruits Basket, Vol. 1 ...",Sequential Art,Five,£40.28,In stock
"Bleach, Vol. 1: Strawberry ...",Sequential Art,Five,£34.65,In stock
"Ajin: Demi-Human, Volume 1 ...",Sequential Art,Four,£57.06,In stock
The Secret Garden,Classics,Four,£15.08,In stock
The Metamorphosis,Classics,One,£28.58,In stock
The Pilgrim's Progress,Classics,Two,£50.26,In stock
The Hound of the ...,Classics,Two,£14.82,In stock
Little Women (Little Women ...,Classics,Four,£28.07,In stock
Gone with the Wind,Classics,Three,£32.49,In stock
Candide,Classics,Three,£58.63,In stock
Animal Farm,Classics,Three,£57.22,In stock
Wuthering Heights,Classics,Three,£17.73,In stock
The Picture of Dorian ...,Classics,Two,£29.70,In stock
The Complete Stories and ...,Classics,Four,£26.78,In stock
Beowulf,Classics,Two,£38.35,In stock
And Then There Were ...,Classics,Two,£35.01,In stock
The Story of Hong ...,Classics,Four,£43.19,In stock
The Little Prince,Classics,Two,£45.42,In stock
Sense and Sensibility,Classics,One,£37.46,In stock
Of Mice and Men,Classics,Two,£47.11,In stock
Emma,Classics,Two,£32.93,In stock
Alice in Wonderland (Alice's ...,Classics,One,£55.53,In stock
Sophie's World,Philosophy,Five,£15.94,In stock
The Death of Humanity: ...,Philosophy,Four,£58.11,In stock
The Stranger,Philosophy,Four,£17.44,In stock
Proofs of God: Classical ...,Philosophy,One,£54.21,In stock
Kierkegaard: A Christian Missionary ...,Philosophy,One,£47.13,In stock
At The Existentialist Café: ...,Philosophy,Five,£29.93,In stock
Critique of Pure Reason,Philosophy,One,£20.75,In stock
"Run, Spot, Run: The ...",Philosophy,One,£20.02,In stock
The Nicomachean Ethics,Philosophy,One,£36.34,In stock
Meditations,Philosophy,Two,£25.89,In stock
Beyond Good and Evil,Philosophy,One,£43.38,In stock
Chase Me (Paris Nights ...,Romance,Five,£25.27,In stock
Black Dust,Romance,Five,£34.53,In stock
Her Backup Boyfriend (The ...,Romance,One,£33.97,In stock
First and First (Five ...,Romance,Four,£15.97,In stock
Fifty Shades Darker (Fifty ...,Romance,One,£21.96,In stock
The Wedding Dress,Romance,One,£24.12,In stock
Suddenly in Love (Lake ...,Romance,Two,£55.99,In stock
Something More Than This,Romance,Four,£16.24,In stock
Doing It Over (Most ...,Romance,Three,£35.61,In stock
The Wedding Pact (The ...,Romance,Three,£32.61,In stock
Hold Your Breath (Search ...,Romance,One,£28.82,In stock
Dirty (Dive Bar #1),Romance,Four,£40.83,In stock
Take Me Home Tonight ...,Romance,Three,£53.98,In stock
Off the Hook (Fishing ...,Romance,Three,£47.67,In stock
A Gentleman's Position (Society ...,Romance,Five,£14.75,In stock
"Sit, Stay, Love",Romance,Three,£20.90,In stock
A Girl's Guide to ...,Romance,One,£31.30,In stock
The Perfect Play (Play ...,Romance,Three,£59.99,In stock
Dark Lover (Black Dagger ...,Romance,One,£12.87,In stock
Changing the Game (Play ...,Romance,Three,£13.38,In stock
A Walk to Remember,Romance,One,£56.43,In stock
The Purest Hook (Second ...,Romance,One,£12.25,In stock
The Obsession,Romance,One,£45.43,In stock
Reservations for Two,Romance,Three,£11.10,In stock
Best of My Love ...,Romance,Two,£27.41,In stock
Where Lightning Strikes (Bleeding ...,Romance,Three,£39.77,In stock
This One Moment (Pushing ...,Romance,One,£48.71,In stock
"Rhythm, Chord & Malykhin",Romance,Two,£28.34,In stock
My Perfect Mistake (Over ...,Romance,Two,£38.92,In stock
Listen to Me (Fusion ...,Romance,Three,£58.99,In stock
Imperfect Harmony,Romance,Four,£34.74,In stock
Fighting Fate (Fighting #6),Romance,Three,£39.24,In stock
Deep Under (Walker Security ...,Romance,Five,£47.09,In stock
Charity's Cross (Charles Towne ...,Romance,One,£41.24,In stock
Bounty (Colorado Mountain #7),Romance,Four,£37.26,In stock
I Had a Nice ...,Womens Fiction,Four,£57.36,In stock
Will You Won't You ...,Womens Fiction,Three,£13.86,In stock
Keep Me Posted,Womens Fiction,Four,£20.46,In stock
Grey (Fifty Shades #4),Womens Fiction,Four,£48.49,In stock
Meternity,Womens Fiction,Three,£43.58,In stock
Some Women,Womens Fiction,Five,£13.73,In stock
Shopaholic Ties the Knot ...,Womens Fiction,Five,£48.39,In stock
Can You Keep a ...,Womens Fiction,One,£21.94,In stock
Twenties Girl,Womens Fiction,Two,£42.80,In stock
The Undomestic Goddess,Womens Fiction,Four,£45.75,In stock
The Nanny Diaries (Nanny ...,Womens Fiction,Five,£52.53,In stock
The Devil Wears Prada ...,Womens Fiction,One,£44.29,In stock
Something Borrowed (Darcy & ...,Womens Fiction,Five,£48.96,In stock
Something Blue (Darcy & ...,Womens Fiction,One,£54.62,In stock
I've Got Your Number,Womens Fiction,One,£19.69,In stock
The Edge of Reason ...,Womens Fiction,Four,£19.18,In stock
Bridget Jones's Diary (Bridget ...,Womens Fiction,One,£29.82,In stock
Soumission,Fiction,One,£50.10,In stock
Private Paris (Private #10),Fiction,Five,£47.61,In stock
"We Love You, Charlie ...",Fiction,Five,£50.27,In stock
Thirst,Fiction,Five,£17.27,In stock
The Murder That Never ...,Fiction,Three,£54.11,In stock
Tuesday Nights in 1980,Fiction,Two,£21.04,In stock
The Vacationers,Fiction,Four,£42.15,In stock
The Regional Office Is ...,Fiction,Five,£51.36,In stock
Finders Keepers (Bill Hodges ...,Fiction,Five,£53.53,In stock
The Time Keeper,Fiction,Five,£27.88,In stock
The Testament of Mary,Fiction,Four,£52.67,In stock
The First Hostage (J.B. ...,Fiction,Three,£25.85,In stock
Take Me with You,Fiction,Three,£45.21,In stock
Still Life with Bread ...,Fiction,Three,£26.41,In stock
Shtum,Fiction,Four,£55.84,In stock
My Name Is Lucy ...,Fiction,One,£41.56,In stock
My Mrs. Brown,Fiction,Three,£24.48,In stock
Mr. Mercedes (Bill Hodges ...,Fiction,One,£28.90,In stock
I Am Pilgrim (Pilgrim ...,Fiction,Four,£10.60,In stock
Eligible (The Austen Project ...,Fiction,Three,£27.09,In stock
Eight Hundred Grapes,Fiction,Four,£14.39,In stock
Dear Mr. Knightley,Fiction,Five,£11.21,In stock
Cometh the Hour (The ...,Fiction,Three,£25.01,In stock
Balloon Animals,Fiction,Three,£17.03,In stock
A Man Called Ove,Fiction,One,£39.72,In stock
The Silent Sister (Riley ...,Fiction,Five,£46.29,In stock
The Dinner Party,Fiction,Two,£56.54,In stock
The Improbability of Love,Fiction,One,£59.45,In stock
Mothering Sunday,Fiction,Two,£13.34,In stock
Lies and Other Acts ...,Fiction,One,£45.14,In stock
Daredevils,Fiction,Three,£16.34,In stock
11/22/63,Fiction,Three,£48.48,In stock
The Shack,Fiction,One,£28.03,In stock
The High Mountains of ...,Fiction,One,£51.15,In stock
Miller's Valley,Fiction,Two,£58.54,In stock
Hystopia: A Novel,Fiction,Four,£21.96,In stock
The Bourne Identity (Jason ...,Fiction,Four,£42.78,In stock
Sister Dear,Fiction,Four,£40.20,In stock
Memoirs of a Geisha,Fiction,Three,£49.67,In stock
Me Before You (Me ...,Fiction,One,£19.02,In stock
Deception Point,Fiction,Four,£40.32,In stock
The Little Paris Bookshop,Fiction,Three,£24.73,In stock
The Firm,Fiction,Three,£45.56,In stock
The Expatriates,Fiction,Two,£44.58,In stock
Siddhartha,Fiction,Five,£34.22,In stock
Last One Home (New ...,Fiction,Three,£59.98,In stock
Digital Fortress,Fiction,Five,£58.00,In stock
Atlas Shrugged,Fiction,Five,£26.58,In stock
Three-Martini Lunch,Fiction,Three,£23.21,In stock
The Nightingale,Fiction,Four,£26.26,In stock
The Infinities,Fiction,One,£27.41,In stock
The Husband's Secret,Fiction,Five,£52.51,In stock
The Da Vinci Code ...,Fiction,Two,£22.96,In stock
The Art of Fielding,Fiction,One,£22.10,In stock
Lila (Gilead #3),Fiction,Three,£12.47,In stock
Jurassic Park (Jurassic Park ...,Fiction,One,£44.97,In stock
Inferno (Robert Langdon #4),Fiction,Five,£41.00,In stock
Crazy Rich Asians (Crazy ...,Fiction,Five,£49.13,In stock
Big Little Lies,Fiction,One,£22.11,In stock
The Course of Love,Fiction,Three,£16.78,In stock
When I'm Gone,Fiction,Three,£51.96,In stock
The Silent Wife,Fiction,Five,£12.34,In stock
The Bette Davis Club,Fiction,Three,£30.66,In stock
Kitchens of the Great ...,Fiction,Five,£57.20,In stock
Bright Lines,Fiction,Five,£39.07,In stock
Birdsong: A Story in ...,Childrens,Three,£54.64,In stock
The Bear and the ...,Childrens,One,£36.89,In stock
The Secret of Dreadwillow ...,Childrens,One,£56.13,In stock
The White Cat and ...,Childrens,Four,£58.08,In stock
Little Red,Childrens,Three,£13.47,In stock
Walt Disney's Alice in ...,Childrens,Five,£12.96,In stock
Twenty Yawns,Childrens,Two,£22.08,In stock
Rain Fish,Childrens,Three,£23.57,In stock
Once Was a Time,Childrens,Two,£18.28,In stock
Luis Paints the World,Childrens,Three,£53.95,In stock
Nap-a-Roo,Childrens,One,£25.08,In stock
The Whale,Childrens,Four,£35.96,In stock
"Shrunken Treasures: Literary Classics, ...",Childrens,Three,£52.87,In stock
Raymie Nightingale,Childrens,Two,£34.41,In stock
Playing from the Heart,Childrens,One,£32.38,In stock
Maybe Something Beautiful: How ...,Childrens,One,£22.54,In stock
The Wild Robot,Childrens,Three,£56.07,In stock
The Thing About Jellyfish,Childrens,One,£48.77,In stock
The Lonely Ones,Childrens,Five,£43.59,In stock
The Day the Crayons ...,Childrens,Five,£26.33,In stock
The Cat in the ...,Childrens,Two,£16.26,In stock
Red: The True Story ...,Childrens,Three,£28.54,In stock
Horrible Bear!,Childrens,Two,£37.52,In stock
Green Eggs and Ham ...,Childrens,Four,£10.79,In stock
Counting Thyme,Childrens,One,£10.62,In stock
Are We There Yet?,Childrens,Three,£10.66,In stock
Diary of a Minecraft ...,Childrens,Four,£52.88,In stock
Matilda,Childrens,One,£28.34,In stock
Charlie and the Chocolate ...,Childrens,Three,£22.85,In stock
Don't Be a Jerk: ...,Religion,Two,£37.97,In stock
You Are What You ...,Religion,Four,£21.87,In stock
God: The Most Unpleasant ...,Religion,Five,£30.03,In stock
The Book of Mormon,Religion,Three,£24.57,In stock
A History of God: ...,Religion,One,£27.62,In stock
The Bhagavad Gita,Religion,Three,£57.49,In stock
Choosing Our Religion: The ...,Religion,Four,£28.42,In stock
Worlds Elsewhere: Journeys Around ...,Nonfiction,Five,£40.30,In stock
The Five Love Languages: ...,Nonfiction,Three,£31.05,In stock
Reasons to Stay Alive,Nonfiction,Two,£26.41,In stock
#HigherSelfie: Wake Up Your ...,Nonfiction,Five,£23.11,In stock
Unseen City: The Majesty ...,Nonfiction,Four,£44.18,In stock
Throwing Rocks at the ...,Nonfiction,Three,£31.12,In stock
The Life-Changing Magic of ...,Nonfiction,Three,£16.77,In stock
The Gutsy Girl: Escapades ...,Nonfiction,One,£37.13,In stock
The Electric Pencil: Drawings ...,Nonfiction,One,£56.06,In stock
Spark Joy: An Illustrated ...,Nonfiction,Four,£41.83,In stock
Reskilling America: Learning to ...,Nonfiction,Two,£19.83,In stock
In the Country We ...,Nonfiction,Four,£22.00,In stock
Everydata: The Misinformation Hidden ...,Nonfiction,Two,£54.35,In stock
Call the Nurse: True ...,Nonfiction,Five,£29.14,In stock
Algorithms to Live By: ...,Nonfiction,One,£30.81,In stock
The Power of Now: ...,Nonfiction,Two,£43.54,In stock
The Omnivore's Dilemma: A ...,Nonfiction,Two,£38.21,In stock
The Genius of Birds,Nonfiction,One,£17.24,In stock
The Artist's Way: A ...,Nonfiction,Five,£38.49,In stock
So You've Been Publicly ...,Nonfiction,Two,£12.23,In stock
Daring Greatly: How the ...,Nonfiction,Three,£19.43,In stock
Big Magic: Creative Living ...,Nonfiction,Three,£30.80,In stock
Becoming Wise: An Inquiry ...,Nonfiction,Two,£27.43,In stock
Agnostic: A Spirited Manifesto,Nonfiction,Five,£12.51,In stock
Whole Lotta Creativity Going ...,Nonfiction,Four,£38.20,In stock
What's It Like in ...,Nonfiction,Two,£19.60,In stock
The Year of Magical ...,Nonfiction,Two,£43.04,In stock
The Literature Book (Big ...,Nonfiction,Three,£17.43,In stock
The Bad-Ass Librarians of ...,Nonfiction,One,£15.77,In stock
Swell: A Year of ...,Nonfiction,One,£45.58,In stock
No Dream Is Too ...,Nonfiction,Two,£21.95,In stock
Looking for Lovely: Collecting ...,Nonfiction,Five,£29.14,In stock
Let It Out: A ...,Nonfiction,Five,£26.79,In stock
Hamilton: The Revolution,Nonfiction,Three,£58.79,In stock
Far & Away: Places ...,Nonfiction,Four,£15.06,In stock
Eaternity: More than 150 ...,Nonfiction,Five,£51.75,In stock
Buying In: The Secret ...,Nonfiction,Four,£37.80,In stock
Brain on Fire: My ...,Nonfiction,Five,£49.32,In stock
Abstract City,Nonfiction,Five,£56.37,In stock
13 Hours: The Inside ...,Nonfiction,One,£27.06,In stock
The Lonely City: Adventures ...,Nonfiction,Two,£33.26,In stock
The Diary of a ...,Nonfiction,Three,£59.90,In stock
Snatched: How A Drug ...,Nonfiction,Three,£21.21,In stock
Furiously Happy: A Funny ...,Nonfiction,Four,£41.46,In stock
The Sleep Revolution: Transforming ...,Nonfiction,Four,£11.68,In stock
"Mother, Can You Not?",Nonfiction,Five,£16.89,In stock
A Mother's Reckoning: Living ...,Nonfiction,Three,£19.53,In stock
10% Happier: How I ...,Nonfiction,Two,£24.57,In stock
Chernobyl 01:23:40: The Incredible ...,Nonfiction,Two,£35.92,In stock
Zero to One: Notes ...,Nonfiction,Three,£34.06,In stock
Why Not Me?,Nonfiction,One,£17.76,In stock
When Breath Becomes Air,Nonfiction,Two,£39.36,In stock
"The Midnight Assassin: Panic, ...",Nonfiction,Four,£28.45,In stock
Smarter Faster Better: The ...,Nonfiction,Five,£38.89,In stock
Rising Strong,Nonfiction,Three,£21.82,In stock
Man's Search for Meaning,Nonfiction,Three,£29.48,In stock
Love That Boy: What ...,Nonfiction,Two,£25.06,In stock
Living Forward: A Proven ...,Nonfiction,Three,£12.55,In stock
I Will Find You,Nonfiction,One,£44.21,In stock
Brazen: The Courage to ...,Nonfiction,Two,£19.22,In stock
Between the World and ...,Nonfiction,Four,£56.91,In stock
Being Mortal: Medicine and ...,Nonfiction,Four,£55.06,In stock
A Murder Over a ...,Nonfiction,Three,£13.20,In stock
For the Love: Fighting ...,Nonfiction,Three,£45.13,In stock
Finding God in the ...,Nonfiction,Two,£46.64,In stock
The Man Who Mistook ...,Nonfiction,Four,£59.45,In stock
In Cold Blood,Nonfiction,Four,£49.98,In stock
"Girl, Interrupted",Nonfiction,Three,£42.14,In stock
Why Save the Bankers?: ...,Nonfiction,Two,£48.67,In stock
Talking to Girls About ...,Nonfiction,Four,£25.15,In stock
My Mother Was Nuts,Nonfiction,Four,£31.63,In stock
"Data, A Love Story: ...",Nonfiction,Three,£32.35,In stock
The Jazz of Physics: ...,Nonfiction,Three,£38.71,In stock
The Gunning of America: ...,Nonfiction,Four,£16.81,In stock
The Geography of Bliss: ...,Nonfiction,Two,£28.23,In stock
God Is Not Great: ...,Nonfiction,One,£27.80,In stock
We the People: The ...,Nonfiction,Three,£31.95,In stock
Very Good Lives: The ...,Nonfiction,Three,£50.66,In stock
"Unstuffed: Decluttering Your Home, ...",Nonfiction,One,£58.09,In stock
Under the Banner of ...,Nonfiction,One,£30.00,In stock
Trespassing Across America: One ...,Nonfiction,One,£53.51,In stock
The Name of God ...,Nonfiction,Two,£37.25,In stock
Stiff: The Curious Lives ...,Nonfiction,Three,£36.74,In stock
Spilled Milk: Based on ...,Nonfiction,One,£49.51,In stock
Rise of the Rocket ...,Nonfiction,Four,£41.67,In stock
Outliers: The Story of ...,Nonfiction,One,£14.16,In stock
Notes from a Small ...,Nonfiction,One,£40.17,In stock
Night (The Night Trilogy ...,Nonfiction,One,£13.51,In stock
Miracles from Heaven: A ...,Nonfiction,One,£57.83,In stock
Letter to a Christian ...,Nonfiction,One,£22.20,In stock
Let's Pretend This Never ...,Nonfiction,One,£45.11,In stock
It's Never Too Late ...,Nonfiction,One,£42.38,In stock
Into the Wild,Nonfiction,Five,£56.70,In stock
In the Garden of ...,Nonfiction,Three,£28.85,In stock
I Am Malala: The ...,Nonfiction,Two,£28.88,In stock
Gratitude,Nonfiction,Five,£26.66,In stock
Disrupted: My Misadventure in ...,Nonfiction,Five,£15.28,In stock
Brave Enough,Nonfiction,Five,£51.32,In stock
Born to Run: A ...,Nonfiction,Two,£27.35,In stock
Blink: The Power of ...,Nonfiction,Five,£21.74,In stock
Black Flags: The Rise ...,Nonfiction,One,£40.87,In stock
Are We Smart Enough ...,Nonfiction,One,£56.58,In stock
A Walk in the ...,Nonfiction,Four,£30.48,In stock
The Suffragettes (Little Black ...,Nonfiction,Two,£11.89,In stock
Kindle Paperwhite User's Guide,Nonfiction,Three,£34.00,In stock
H is for Hawk,Nonfiction,Five,£57.42,In stock
Travels with Charley: In ...,Nonfiction,Five,£57.82,In stock
The Tumor,Nonfiction,Five,£41.56,In stock
The End of the ...,Nonfiction,One,£14.40,In stock
"Eat, Pray, Love",Nonfiction,Three,£51.32,In stock
Rip it Up and ...,Music,Five,£35.02,In stock
Our Band Could Be ...,Music,Three,£57.25,In stock
How Music Works,Music,Two,£37.32,In stock
Love Is a Mix ...,Music,One,£18.03,In stock
Please Kill Me: The ...,Music,Four,£31.19,In stock
Kill 'Em and Leave: ...,Music,Five,£45.05,In stock
"Chronicles, Vol. 1",Music,Two,£52.60,In stock
This Is Your Brain ...,Music,One,£38.40,In stock
Orchestra of Exiles: The ...,Music,Three,£12.36,In stock
No One Here Gets ...,Music,Five,£20.02,In stock
Life,Music,Five,£31.58,In stock
Old Records Never Die: ...,Music,Two,£55.66,In stock
Forever Rockers (The Rocker ...,Music,Three,£28.80,In stock
The Coming Woman: A ...,Default,Three,£17.93,In stock
The Boys in the ...,Default,Four,£22.60,In stock
Starving Hearts (Triangular Trade ...,Default,Two,£13.99,In stock
America's Cradle of Quarterbacks: ...,Default,Three,£22.50,In stock
Aladdin and His Wonderful ...,Default,Three,£53.13,In stock
Penny Maybe,Default,Three,£33.29,In stock
Maude (1883-1993):She Grew Up ...,Default,Two,£18.02,In stock
The Inefficiency Assassin: Time ...,Default,Five,£20.59,In stock
Soul Reader,Default,Two,£39.58,In stock
Bossypants,Default,Two,£49.46,In stock
A World of Flavor: ...,Default,One,£42.95,In stock
"A Piece of Sky, ...",Default,Five,£56.76,In stock
Tracing Numbers on a ...,Default,Three,£41.60,In stock
Thirteen Reasons Why,Default,One,£52.72,In stock
The Secret (The Secret ...,Default,Four,£27.37,In stock
The Psychopath Test: A ...,Default,Two,£36.00,In stock
The Kite Runner,Default,Four,£41.82,In stock
The Girl on the ...,Default,Two,£55.02,In stock
The Emerald Mystery,Default,Two,£23.15,In stock
The Bridge to Consciousness: ...,Default,Three,£32.00,In stock
The Art of War,Default,Five,£33.34,In stock
Secrets and Lace (Fatal ...,Default,One,£20.27,In stock
Romero and Juliet: A ...,Default,One,£36.94,In stock
Poses for Artists Volume ...,Default,One,£41.06,In stock
Miss Peregrine’s Home for ...,Default,One,£10.76,In stock
Large Print Heart of ...,Default,Two,£19.15,In stock
Grumbles,Default,Two,£22.16,In stock
First Steps for New ...,Default,One,£29.00,In stock
Eureka Trivia 6.0,Default,Four,£54.59,In stock
Drive: The Surprising Truth ...,Default,Four,£34.95,In stock
Done Rubbed Out (Reightman ...,Default,Five,£37.72,In stock
Beauty Restored (Riley Family ...,Default,Two,£11.11,In stock
Ayumi's Violin,Default,Two,£15.48,In stock
Anonymous,Default,Four,£46.82,In stock
Amy Meets the Saints ...,Default,Three,£18.46,In stock
Amatus,Default,Five,£50.54,In stock
V for Vendetta (V ...,Default,Four,£37.10,In stock
Unbroken: A World War ...,Default,Two,£45.95,In stock
The Wright Brothers,Default,Four,£56.80,In stock
The Songs of the ...,Default,Five,£44.48,In stock
The Rosie Project (Don ...,Default,One,£54.04,In stock
The Power of Habit: ...,Default,Three,£16.88,In stock
Steve Jobs,Default,Five,£39.50,In stock
Luckiest Girl Alive,Default,Three,£49.83,In stock
Living Leadership by Insight: ...,Default,Four,£46.91,In stock
Lady Midnight (The Dark ...,Default,Five,£16.28,In stock
"Hush, Hush (Hush, Hush ...",Default,Three,£47.02,In stock
Greek Mythic History,Default,Five,£10.23,In stock
Every Last Word,Default,Three,£46.47,In stock
Daily Fantasy Sports,Default,One,£36.58,In stock
Clockwork Angel (The Infernal ...,Default,One,£44.14,In stock
City of Fallen Angels ...,Default,Four,£11.23,In stock
City of Bones (The ...,Default,One,£43.28,In stock
City of Ashes (The ...,Default,One,£47.27,In stock
"Carry On, Warrior: Thoughts ...",Default,Three,£31.85,In stock
Carrie,Default,Two,£46.23,In stock
Angels & Demons (Robert ...,Default,Three,£51.48,In stock
"The Three Searches, Meaning, ...",Default,Three,£13.33,In stock
Raspberry Pi Electronics Projects ...,Default,Four,£49.67,In stock
How to Speak Golf: ...,Default,Five,£58.32,In stock
Eleanor & Park,Default,Five,£56.51,In stock
Troublemaker: Surviving Hollywood and ...,Default,Two,£48.39,In stock
Adultery,Default,Five,£20.88,In stock
Unlimited Intuition Now,Default,Four,£58.87,In stock
Underlying Notes,Default,Two,£11.82,In stock
The New Brand You: ...,Default,Five,£44.05,In stock
The Flowers Lied,Default,Two,£16.68,In stock
NaNo What Now? Finding ...,Default,Four,£10.41,In stock
Modern Day Fables,Default,Two,£47.44,In stock
The Unlikely Pilgrimage of ...,Default,Five,£43.62,In stock
The Martian (The Martian ...,Default,Two,£41.39,In stock
Left Behind (Left Behind ...,Default,Two,£40.72,In stock
John Vassos: Industrial Design ...,Default,Four,£20.22,In stock
I'll Give You the ...,Default,One,£56.48,In stock
Heaven is for Real: ...,Default,Two,£52.86,In stock
Ender's Game (The Ender ...,Default,One,£43.64,In stock
Death by Leisure: A ...,Default,Four,£37.51,In stock
Wildlife of New York: ...,Default,Two,£22.14,In stock
The Year of Living ...,Default,One,£34.72,In stock
The Great Gatsby,Default,Four,£36.05,In stock
The Good Girl,Default,Three,£49.03,In stock
The 7 Habits of ...,Default,Four,£33.17,In stock
Steal Like an Artist: ...,Default,Two,£20.90,In stock
Life of Pi,Default,Four,£13.22,In stock
The Sound Of Love,Default,Five,£57.84,In stock
The Perks of Being ...,Default,Three,£55.02,In stock
The Makings of a ...,Default,Two,£31.58,In stock
The Hobbit (Middle-Earth Universe),Default,Five,£17.80,In stock
The Fellowship of the ...,Default,Two,£10.27,In stock
Ship Leaves Harbor: Essays ...,Default,Three,£30.60,In stock
Musicophilia: Tales of Music ...,Default,One,£46.58,In stock
What If?: Serious Scientific ...,Default,Four,£53.68,In stock
The Fault in Our ...,Default,One,£47.22,In stock
The Dream Thieves (The ...,Default,One,£34.50,In stock
The 5th Wave (The ...,Default,Two,£11.83,In stock
Shiver (The Wolves of ...,Default,Five,£16.23,In stock
Remember Me?,Default,Three,£11.48,In stock
If I Stay (If ...,Default,Five,£38.13,In stock
I Know Why the ...,Default,Two,£36.55,In stock
Harry Potter and the ...,Default,One,£23.32,In stock
Fool Me Once,Default,One,£16.96,In stock
Drama,Default,Two,£38.70,In stock
"Blue Lily, Lily Blue ...",Default,Five,£34.13,In stock
Alight (The Generations Trilogy ...,Default,Four,£58.59,In stock
Vogue Colors A to ...,Default,Four,£52.35,In stock
The Shining (The Shining ...,Default,Three,£27.88,In stock
The Hunger Games (The ...,Default,Five,£29.85,In stock
Outlander (Outlander #1),Default,Five,£19.67,In stock
Mockingjay (The Hunger Games ...,Default,Four,£20.44,In stock
Harry Potter and the ...,Default,Three,£13.90,In stock
Confessions of a Shopaholic ...,Default,Two,£48.94,In stock
Zero History (Blue Ant ...,Default,One,£34.77,In stock
World War Z: An ...,Default,One,£21.80,In stock
Wild: From Lost to ...,Default,Three,£46.02,In stock
"Where'd You Go, Bernadette",Default,One,£18.13,In stock
Twilight (Twilight #1),Default,Two,£41.93,In stock
The Paris Wife,Default,Three,£36.80,In stock
The Maze Runner (The ...,Default,One,£20.93,In stock
The Lover's Dictionary,Default,Two,£58.09,In stock
The Goldfinch,Default,Three,£43.58,In stock
The Giver (The Giver ...,Default,One,£12.30,In stock
The Girl Who Played ...,Default,Two,£22.14,In stock
The Demon-Haunted World: Science ...,Default,Four,£52.25,In stock
The Book Thief,Default,Two,£53.49,In stock
The Autobiography of Malcolm ...,Default,Two,£23.43,In stock
Shopaholic & Baby (Shopaholic ...,Default,Two,£46.45,In stock
Quiet: The Power of ...,Default,One,£43.55,In stock
Packing for Mars: The ...,Default,Two,£56.68,In stock
Orange Is the New ...,Default,Two,£24.61,In stock
One for the Money ...,Default,Two,£32.87,In stock
Morning Star (Red Rising ...,Default,One,£29.40,In stock
Life After Life,Default,Two,£26.13,In stock
"Lean In: Women, Work, ...",Default,One,£25.02,In stock
Is Everyone Hanging Out ...,Default,Three,£20.11,In stock
Gone Girl,Default,Five,£37.60,In stock
Fellside,Default,One,£38.62,In stock
Eclipse (Twilight #3),Default,One,£18.74,In stock
Dracula,Default,Three,£52.62,In stock
Dead Wake: The Last ...,Default,Five,£39.24,In stock
"David and Goliath: Underdogs, ...",Default,One,£17.81,In stock
Dark Places,Default,Five,£23.90,In stock
Breaking Dawn (Twilight #4),Default,Five,£35.28,In stock
Beautiful Creatures (Caster Chronicles ...,Default,Five,£21.55,In stock
A Visit from the ...,Default,Five,£14.08,In stock
The Zombie Room,Default,Five,£19.69,In stock
The Name of the ...,Default,Three,£50.59,In stock
Taking Shots (Assassins #1),Default,Two,£18.88,In stock
Shatter Me (Shatter Me ...,Default,One,£42.40,In stock
Paradise Lost (Paradise #1),Default,One,£24.96,In stock
On the Road (Duluoz ...,Default,Three,£32.36,In stock
Jane Eyre,Default,Five,£38.43,In stock
Frankenstein,Default,Two,£38.00,In stock
Mesaerion: The Best Science ...,Science Fiction,One,£37.59,In stock
Join,Science Fiction,Five,£35.67,In stock
William Shakespeare's Star Wars: ...,Science Fiction,Four,£43.30,In stock
The Project,Science Fiction,One,£10.65,In stock
Soft Apocalypse,Science Fiction,Two,£26.12,In stock
Sleeping Giants (Themis Files ...,Science Fiction,One,£48.74,In stock
Arena,Science Fiction,Four,£21.36,In stock
Foundation (Foundation (Publication Order) ...,Science Fiction,One,£32.42,In stock
The Restaurant at the ...,Science Fiction,One,£10.92,In stock
Ready Player One,Science Fiction,Four,£19.07,In stock
"Life, the Universe and ...",Science Fiction,Two,£33.26,In stock
Dune (Dune #1),Science Fiction,One,£54.86,In stock
Do Androids Dream of ...,Science Fiction,One,£51.48,In stock
Three Wishes (River of ...,Science Fiction,Two,£44.18,In stock
The Last Girl (The ...,Science Fiction,Two,£36.26,In stock
Having the Barbarian's Baby ...,Science Fiction,Four,£34.96,In stock
The Book of Basketball: ...,Sports and Games,Five,£44.84,In stock
Friday Night Lights: A ...,Sports and Games,Three,£51.22,In stock
Sugar Rush (Offensive Line ...,Sports and Games,One,£24.42,In stock
Settling the Score (The ...,Sports and Games,Two,£44.91,In stock
Icing (Aces Hockey #2),Sports and Games,Four,£40.44,In stock
The Torch Is Passed: ...,Add a comment,One,£19.09,In stock
The Mindfulness and Acceptance ...,Add a comment,Four,£23.89,In stock
The Art Forger,Add a comment,Three,£40.76,In stock
On a Midnight Clear,Add a comment,Three,£14.07,In stock
Judo: Seven Steps to ...,Add a comment,Two,£53.90,In stock
"Shobu Samurai, Project Aryoku ...",Add a comment,Three,£29.06,In stock
Modern Romance,Add a comment,Five,£28.26,In stock
The White Queen (The ...,Add a comment,Five,£25.91,In stock
The Song of Achilles,Add a comment,Five,£37.40,In stock
The Immortal Life of ...,Add a comment,Two,£40.67,In stock
The Dovekeepers,Add a comment,One,£48.78,In stock
More Than Music (Chasing ...,Add a comment,Two,£37.61,In stock
Code Name Verity (Code ...,Add a comment,Four,£22.13,In stock
Cell,Add a comment,Four,£20.29,In stock
Angels Walking (Angels Walking ...,Add a comment,Two,£34.20,In stock
A Series of Catastrophes ...,Add a comment,Two,£56.48,In stock
A People's History of ...,Add a comment,Two,£40.79,In stock
A Brush of Wings ...,Add a comment,One,£55.51,In stock
Rook,Add a comment,Four,£37.86,In stock
The Midnight Watch: A ...,Add a comment,One,£26.20,In stock
The Gray Rhino: How ...,Add a comment,Four,£59.15,In stock
The Children,Add a comment,Three,£11.88,In stock
One with You (Crossfire ...,Add a comment,Four,£15.71,In stock
Without Shame,Add a comment,Five,£48.27,In stock
Watchmen,Add a comment,Four,£58.05,In stock
A Hero's Curse (The ...,Add a comment,Three,£50.49,In stock
23 Degrees South: A ...,Add a comment,Two,£35.79,In stock
The Glass Castle,Add a comment,One,£16.24,In stock
The Drowning Girls,Add a comment,Three,£35.67,In stock
Team of Rivals: The ...,Add a comment,Five,£20.12,In stock
John Adams,Add a comment,Four,£57.43,In stock
Good in Bed (Cannie ...,Add a comment,Five,£37.05,In stock
The Joy of Cooking,Add a comment,Four,£43.27,In stock
The Golden Compass (His ...,Add a comment,One,£18.77,In stock
The God Delusion,Add a comment,Three,£46.85,In stock
Pride and Prejudice,Add a comment,Four,£19.27,In stock
Mere Christianity,Add a comment,Three,£48.51,In stock
Fun Home: A Family ...,Add a comment,Four,£56.59,In stock
The Raven King (The ...,Add a comment,Two,£30.57,In stock
Find Her (Detective D.D. ...,Add a comment,One,£22.37,In stock
Evicted: Poverty and Profit ...,Add a comment,One,£42.27,In stock
A Game of Thrones ...,Add a comment,Two,£46.42,In stock
A Clash of Kings ...,Add a comment,Three,£10.79,In stock
The Tipping Point: How ...,Add a comment,Two,£10.02,In stock
The Rest Is Noise: ...,Add a comment,One,£34.77,In stock
The Purpose Driven Life: ...,Add a comment,Three,£37.19,In stock
The Hitchhiker's Guide to ...,Add a comment,Three,£47.80,In stock
The Girl Who Kicked ...,Add a comment,One,£57.48,In stock
The End of Faith: ...,Add a comment,Four,£22.13,In stock
The Complete Poems,Add a comment,Five,£41.32,In stock
The Catcher in the ...,Add a comment,One,£24.55,In stock
The Case for Christ ...,Add a comment,One,£47.84,In stock
The Blind Side: Evolution ...,Add a comment,Five,£53.71,In stock
Seven Days in the ...,Add a comment,Two,£52.33,In stock
Sarah's Key,Add a comment,One,£46.29,In stock
Rogue Lawyer (Rogue Lawyer ...,Add a comment,Three,£50.11,In stock
Manuscript Found in Accra,Add a comment,Two,£34.98,In stock
Fire Bound (Sea Haven/Sisters ...,Add a comment,Four,£21.28,In stock
Cosmos,Add a comment,Two,£36.17,In stock
#GIRLBOSS,Add a comment,One,£50.96,In stock
The Sense of an ...,Add a comment,Three,£31.38,In stock
The Republic,Add a comment,Three,£33.78,In stock
The Odyssey,Add a comment,Three,£29.64,In stock
The Light of the ...,Add a comment,One,£54.43,In stock
The Iliad,Add a comment,One,£16.16,In stock
The Communist Manifesto,Add a comment,Three,£14.76,In stock
Lord of the Flies,Add a comment,Three,£24.89,In stock
Unicorn Tracks,Fantasy,Three,£18.78,In stock
"Saga, Volume 6 (Saga ...",Fantasy,Three,£25.02,In stock
Princess Between Worlds (Wide-Awake ...,Fantasy,Five,£13.34,In stock
Masks and Shadows,Fantasy,Two,£56.40,In stock
Crown of Midnight (Throne ...,Fantasy,Three,£43.29,In stock
Avatar: The Last Airbender: ...,Fantasy,Two,£28.09,In stock
A Court of Thorns ...,Fantasy,One,£52.37,In stock
Throne of Glass (Throne ...,Fantasy,Three,£35.07,In stock
The Glittering Court (The ...,Fantasy,One,£44.28,In stock
Hollow City (Miss Peregrine’s ...,Fantasy,One,£42.98,In stock
The Star-Touched Queen,Fantasy,Five,£46.02,In stock
The Hidden Oracle (The ...,Fantasy,Two,£52.26,In stock
The Bane Chronicles (The ...,Fantasy,Four,£44.73,In stock
Island of Dragons (Unwanteds ...,Fantasy,One,£29.65,In stock
Demigods & Magicians: Percy ...,Fantasy,Five,£37.51,In stock
City of Glass (The ...,Fantasy,Four,£56.02,In stock
Searching for Meaning in ...,Fantasy,One,£38.73,In stock
The Star-Touched Queen,Fantasy,Five,£32.30,In stock
A Shard of Ice ...,Fantasy,Three,£56.63,In stock
King's Folly (The Kinsman ...,Fantasy,Five,£39.61,In stock
Every Heart a Doorway ...,Fantasy,Five,£12.16,In stock
A Gathering of Shadows ...,Fantasy,Four,£44.81,In stock
The Raven Boys (The ...,Fantasy,Four,£57.74,In stock
The False Prince (The ...,Fantasy,Five,£56.00,In stock
Tell the Wind and ...,Fantasy,Three,£45.51,In stock
A Feast for Crows ...,Fantasy,Four,£17.21,In stock
The Demonists (Demonist #1),Fantasy,Two,£52.11,In stock
The Beast (Black Dagger ...,Fantasy,Five,£46.08,In stock
Paper and Fire (The ...,Fantasy,Five,£49.45,In stock
Harry Potter and the ...,Fantasy,Four,£31.63,In stock
Harry Potter and the ...,Fantasy,Five,£48.75,In stock
Harry Potter and the ...,Fantasy,One,£14.74,In stock
The Rose & the ...,Fantasy,Four,£58.64,In stock
Soldier (Talon #3),Fantasy,Two,£24.72,In stock
Midnight Riot (Peter Grant/ ...,Fantasy,Two,£55.46,In stock
Heir to the Sky,Fantasy,Four,£44.07,In stock
Eragon (The Inheritance Cycle ...,Fantasy,Three,£43.87,In stock
Darkfever (Fever #1),Fantasy,One,£56.02,In stock
Ash,Fantasy,Four,£22.06,In stock
A Storm of Swords ...,Fantasy,Two,£31.22,In stock
Vampire Girl (Vampire Girl ...,Fantasy,Two,£53.82,In stock
The Silent Twin (Detective ...,Fantasy,Three,£36.25,In stock
The Mirror & the ...,Fantasy,One,£29.38,In stock
Sister Sable (The Mad ...,Fantasy,Three,£13.33,In stock
Shadow Rites (Jane Yellowrock ...,Fantasy,Four,£21.72,In stock
Origins (Alphas 0.5),Fantasy,One,£28.99,In stock
One Second (Seven #7),Fantasy,Two,£52.94,In stock
Myriad (Prentor #1),Fantasy,Four,£58.75,In stock
Without Borders (Wanderlove #1),New Adult,Two,£45.07,In stock
The Mistake (Off-Campus #2),New Adult,Three,£43.29,In stock
The Matchmaker's Playbook (Wingmen ...,New Adult,One,£55.85,In stock
The Hook Up (Game ...,New Adult,Five,£36.29,In stock
Shameless,New Adult,Three,£58.35,In stock
Off Sides (Off #1),New Adult,Five,£39.45,In stock
The Requiem Red,Young Adult,One,£22.65,In stock
Set Me Free,Young Adult,Five,£17.46,In stock
The Natural History of ...,Young Adult,Three,£45.22,In stock
Obsidian (Lux #1),Young Adult,Two,£14.86,In stock
Burning,Young Adult,Three,£28.81,In stock
A Fierce and Subtle ...,Young Adult,Four,£28.13,In stock
Scarlett Epstein Hates It ...,Young Adult,Five,£43.55,In stock
"Nightingale, Sing",Young Adult,One,£38.28,In stock
Library of Souls (Miss ...,Young Adult,Five,£48.56,In stock
Frostbite (Vampire Academy #2),Young Adult,Five,£29.99,In stock
Wild Swans,Young Adult,Two,£14.36,In stock
Until Friday Night (The ...,Young Adult,Two,£46.31,In stock
This Is Where It ...,Young Adult,Two,£27.12,In stock
The Darkest Lie,Young Adult,Five,£35.35,In stock
My Kind of Crazy,Young Adult,One,£40.36,In stock
Don't Get Caught,Young Adult,One,£55.35,In stock
Catching Jordan (Hundred Oaks),Young Adult,Three,£50.83,In stock
Aristotle and Dante Discover ...,Young Adult,Four,£58.14,In stock
The Epidemic (The Program ...,Young Adult,Five,£14.44,In stock
Stars Above (The Lunar ...,Young Adult,Two,£48.05,In stock
No Love Allowed (Dodge ...,Young Adult,Four,£54.65,In stock
"Exit, Pursued by a ...",Young Adult,Four,£51.34,In stock
The Alien Club,Young Adult,One,£54.40,In stock
Don't Forget Steven,Young Adult,One,£33.23,In stock
South of Sunshine,Young Adult,One,£28.93,In stock
My Life Next Door ...,Young Adult,Five,£36.39,In stock
Future Shock (Future Shock ...,Young Adult,Five,£55.65,In stock
Nightstruck: A Novel,Young Adult,Four,£50.35,In stock
Tell the Wolves I'm ...,Young Adult,Two,£50.96,In stock
"Will Grayson, Will Grayson ...",Young Adult,Four,£47.31,In stock
Where She Went (If ...,Young Adult,Four,£41.73,In stock
Two Summers,Young Adult,One,£14.64,In stock
The Darkest Corners,Young Adult,Five,£11.33,In stock
Tell Me Three Things,Young Adult,One,£41.81,In stock
Lola and the Boy ...,Young Adult,Four,£23.63,In stock
Kill the Boy Band,Young Adult,Five,£15.52,In stock
Isla and the Happily ...,Young Adult,Five,£48.13,In stock
An Abundance of Katherines,Young Adult,Five,£10.00,In stock
Harry Potter and the ...,Young Adult,Four,£24.17,In stock
Walk the Edge (Thunder ...,Young Adult,Three,£32.36,In stock
Two Boys Kissing,Young Adult,Two,£32.74,In stock
The New Guy (and ...,Young Adult,Three,£44.92,In stock
"The Land of 10,000 ...",Young Adult,Four,£29.64,In stock
Scarlet (The Lunar Chronicles ...,Young Adult,Four,£14.57,In stock
Legend (Legend #1),Young Adult,Four,£43.69,In stock
Lady Renegades (Rebel Belle ...,Young Adult,Five,£53.04,In stock
Golden (Heart of Dread ...,Young Adult,Four,£42.21,In stock
Cinder (The Lunar Chronicles ...,Young Adult,One,£26.09,In stock
Boy Meets Boy,Young Adult,Three,£21.12,In stock
Annie on My Mind,Young Adult,Five,£36.83,In stock
New Moon (Twilight #2),Young Adult,Four,£12.86,In stock
Girl Online On Tour ...,Young Adult,One,£53.47,In stock
The Haters,Young Adult,Five,£27.89,In stock
The Art of Not ...,Young Adult,Four,£40.83,In stock
The Most Perfect Thing: ...,Science,Four,£42.96,In stock
Immunity: How Elie Metchnikoff ...,Science,Five,£57.36,In stock
Sorting the Beef from ...,Science,Four,£44.74,In stock
Tipping Point for Planet ...,Science,One,£37.55,In stock
The Fabric of the ...,Science,One,£55.91,In stock
Diary of a Citizen ...,Science,One,£28.41,In stock
The Origin of Species,Science,Four,£10.01,In stock
The Grand Design,Science,Three,£13.76,In stock
Peak: Secrets from the ...,Science,Two,£16.28,In stock
"The Elegant Universe: Superstrings, ...",Science,Four,£13.03,In stock
The Disappearing Spoon: And ...,Science,Five,£57.35,In stock
"Surely You're Joking, Mr. ...",Science,Two,£25.83,In stock
Seven Brief Lessons on ...,Science,Four,£30.60,In stock
The Selfish Gene,Science,One,£29.45,In stock
A Light in the ...,Poetry,Three,£51.77,In stock
The Black Maria,Poetry,One,£52.15,In stock
Shakespeare's Sonnets,Poetry,Four,£20.66,In stock
Olio,Poetry,One,£23.88,In stock
You can't bury them ...,Poetry,Two,£33.63,In stock
Slow States of Collapse: ...,Poetry,Three,£57.31,In stock
Untitled Collection: Sabbath Poems ...,Poetry,Four,£14.27,In stock
Poems That Make Grown ...,Poetry,Four,£14.19,In stock
Night Sky with Exit ...,Poetry,One,£41.05,In stock
salt.,Poetry,Four,£46.78,In stock
Quarter Life Poetry: Poems ...,Poetry,Five,£50.89,In stock
Out of Print: City ...,Poetry,Five,£53.64,In stock
Les Fleurs du Mal,Poetry,Five,£29.04,In stock
Howl and Other Poems,Poetry,Two,£40.45,In stock
Leave This Song Behind: ...,Poetry,Five,£51.17,In stock
The Collected Poems of ...,Poetry,Five,£15.42,In stock
The Crossover,Poetry,Four,£38.77,In stock
Booked,Poetry,Five,£17.49,In stock
Twenty Love Poems and ...,Poetry,Four,£30.95,In stock
"Vampire Knight, Vol. 1 ...",Paranormal,One,£15.40,In stock
Wall and Piece,Art,Four,£44.18,In stock
Feathers: Displays of Brilliant ...,Art,Three,£49.05,In stock
Art and Fear: Observations ...,Art,Four,£48.63,In stock
The New Drawing on ...,Art,Three,£43.02,In stock
History of Beauty,Art,Four,£10.29,In stock
The Story of Art,Art,Four,£41.14,In stock
The Art Book,Art,Two,£32.34,In stock
Ways of Seeing,Art,Five,£39.51,In stock
The Lucifer Effect: Understanding ...,Psychology,One,£10.40,In stock
The Golden Condom: And ...,Psychology,One,£39.43,In stock
It Didn't Start with ...,Psychology,Three,£56.27,In stock
An Unquiet Mind: A ...,Psychology,Three,£21.30,In stock
"Thinking, Fast and Slow",Psychology,One,£21.14,In stock
Civilization and Its Discontents,Psychology,Two,£59.95,In stock
8 Keys to Mental ...,Psychology,One,£31.04,In stock
The Argonauts,Autobiography,Two,£10.93,In stock
M Train,Autobiography,One,£27.18,In stock
Lab Girl,Autobiography,One,£40.85,In stock
Approval Junkie: Adventures in ...,Autobiography,Five,£58.81,In stock
Running with Scissors,Autobiography,Four,£12.91,In stock
Me Talk Pretty One ...,Autobiography,Two,£57.60,In stock
Lust & Wonder,Autobiography,Two,£11.87,In stock
Life Without a Recipe,Autobiography,Five,£59.04,In stock
A Heartbreaking Work of ...,Autobiography,Five,£54.29,In stock
Catastrophic Happiness: Finding Joy ...,Parenting,Two,£37.35,In stock
Fifty Shades Freed (Fifty ...,Adult Fiction,Five,£15.36,In stock
The Long Haul (Diary ...,Humor,One,£44.07,In stock
Old School (Diary of ...,Humor,Five,£11.83,In stock
I Know What I'm ...,Humor,Four,£25.98,In stock
Hyperbole and a Half: ...,Humor,Five,£14.75,In stock
Dress Your Family in ...,Humor,Three,£43.68,In stock
Toddlers Are A**holes: It's ...,Humor,One,£25.55,In stock
When You Are Engulfed ...,Humor,Five,£30.89,In stock
Naked,Humor,Three,£31.69,In stock
Lamb: The Gospel According ...,Humor,Five,£55.50,In stock
Holidays on Ice,Humor,Two,£51.07,In stock
Security,Horror,Two,£39.25,In stock
Follow You Home,Horror,One,£21.36,In stock
The Loney,Horror,One,£23.40,In stock
Pet Sematary,Horror,Three,£10.56,In stock
Doctor Sleep (The Shining ...,Horror,Two,£40.12,In stock
Psycho: Sanitarium (Psycho #1.5),Horror,Five,£36.97,In stock
Can You Keep a ...,Horror,One,£48.64,In stock
Red Dragon (Hannibal Lecter ...,Horror,Three,£23.37,In stock
Dracula the Un-Dead,Horror,Five,£35.63,In stock
Night Shift (Night Shift ...,Horror,Four,£12.75,In stock
Needful Things,Horror,Four,£47.51,In stock
Misery,Horror,Two,£34.79,In stock
It,Horror,Three,£25.01,In stock
'Salem's Lot,Horror,Four,£49.56,In stock
The Stand,Horror,Two,£57.86,In stock
The Girl with All ...,Horror,Three,£49.47,In stock
House of Leaves,Horror,One,£54.89,In stock
Sapiens: A Brief History ...,History,Five,£54.23,In stock
Unbound: How Eight Technologies ...,History,One,£25.52,In stock
The Age of Genius: ...,History,One,£19.73,In stock
"Political Suicide: Missteps, Peccadilloes, ...",History,Two,£36.28,In stock
Thomas Jefferson and the ...,History,One,£59.64,In stock
Zealot: The Life and ...,History,Three,£24.70,In stock
A Distant Mirror: The ...,History,Three,£14.58,In stock
1491: New Revelations of ...,History,Three,£21.80,In stock
Brilliant Beacons: A History ...,History,Three,£11.45,In stock
"""Most Blessed of the ...",History,Five,£44.48,In stock
A Short History of ...,History,Five,£52.40,In stock
The Rise and Fall ...,History,Two,£39.67,In stock
Catherine the Great: Portrait ...,History,Four,£58.55,In stock
The Mathews Men: Seven ...,History,Five,£42.91,In stock
The Hiding Place,History,Four,£55.91,In stock
America's War for the ...,History,Two,£51.22,In stock
The Guns of August,History,Two,£14.54,In stock
House of Lost Worlds: ...,History,Two,£43.70,In stock
Foolproof Preserving: A Guide ...,Food and Drink,Three,£30.52,In stock
The Pioneer Woman Cooks: ...,Food and Drink,One,£56.41,In stock
My Paris Kitchen: Recipes ...,Food and Drink,Two,£33.37,In stock
Mama Tried: Traditional Italian ...,Food and Drink,Four,£14.02,In stock
"Layered: Baking, Building, and ...",Food and Drink,One,£40.11,In stock
The Nerdy Nummies Cookbook: ...,Food and Drink,Five,£37.34,In stock
The Love and Lemons ...,Food and Drink,Two,£37.60,In stock
The Cookies & Cups ...,Food and Drink,One,£41.25,In stock
Deliciously Ella Every Day: ...,Food and Drink,Three,£42.16,In stock
The Help Yourself Cookbook ...,Food and Drink,Three,£28.77,In stock
"It's All Easy: Healthy, ...",Food and Drink,One,£19.55,In stock
Barefoot Contessa Back to ...,Food and Drink,One,£28.01,In stock
Barefoot Contessa at Home: ...,Food and Drink,Five,£50.62,In stock
My Kitchen Year: 136 ...,Food and Drink,Two,£11.53,In stock
Everyday Italian: 125 Simple ...,Food and Drink,Five,£20.10,In stock
A la Mode: 120 ...,Food and Drink,One,£38.77,In stock
Cravings: Recipes for What ...,Food and Drink,Three,£20.50,In stock
The Moosewood Cookbook: Recipes ...,Food and Drink,Four,£12.34,In stock
32 Yolks,Food and Drink,Two,£53.63,In stock
Naturally Lean: 125 Nourishing ...,Food and Drink,Five,£11.38,In stock
How to Cook Everything ...,Food and Drink,Four,£46.01,In stock
How to Be a ...,Food and Drink,Two,£28.25,In stock
The Barefoot Contessa Cookbook,Food and Drink,Five,£59.92,In stock
Better Homes and Gardens ...,Food and Drink,Three,£39.61,In stock
The Power Greens Cookbook: ...,Food and Drink,Five,£11.05,In stock
Mexican Today: New and ...,Food and Drink,Five,£24.91,In stock
Vegan Vegetarian Omnivore: Dinner ...,Food and Drink,Two,£13.66,In stock
The Smitten Kitchen Cookbook,Food and Drink,One,£23.59,In stock
The Art of Simple ...,Food and Drink,Three,£34.32,In stock
Hungry Girl Clean & ...,Food and Drink,Three,£33.14,In stock
Redeeming Love,Christian Fiction,Five,£20.47,In stock
Close to You,Christian Fiction,Four,£49.46,In stock
Shadows of the Past ...,Christian Fiction,Five,£39.67,In stock
Like Never Before (Walker ...,Christian Fiction,Two,£28.77,In stock
Counted With the Stars ...,Christian Fiction,Five,£17.97,In stock
If I Run (If ...,Christian Fiction,Four,£49.97,In stock
The Dirty Little Secrets ...,Business,Four,£33.34,In stock
The Third Wave: An ...,Business,Five,£12.61,In stock
The 10% Entrepreneur: Live ...,Business,Three,£27.55,In stock
Shoe Dog: A Memoir ...,Business,Two,£23.99,In stock
Made to Stick: Why ...,Business,Five,£38.85,In stock
Quench Your Own Thirst: ...,Business,One,£43.14,In stock
The Art of Startup ...,Business,Three,£21.00,In stock
Born for This: How ...,Business,Five,£21.59,In stock
The E-Myth Revisited: Why ...,Business,One,£36.91,In stock
"Rich Dad, Poor Dad",Business,One,£51.74,In stock
The Lean Startup: How ...,Business,Three,£33.92,In stock
Rework,Business,Two,£44.88,In stock
Louisa: The Extraordinary Life ...,Biography,Two,£16.85,In stock
Setting the World on ...,Biography,Two,£21.15,In stock
The Faith of Christopher ...,Biography,One,£39.55,In stock
Benjamin Franklin: An American ...,Biography,Three,£48.19,In stock
The Rise of Theodore ...,Biography,Three,£42.57,In stock
In Her Wake,Thriller,One,£12.84,In stock
The Elephant Tree,Thriller,Five,£23.82,In stock
Behind Closed Doors,Thriller,Four,£52.22,In stock
You (You #1),Thriller,Five,£43.61,In stock
The Guilty (Will Robie ...,Thriller,Two,£13.82,In stock
The 14th Colony (Cotton ...,Thriller,One,£39.24,In stock
Give It Back,Thriller,Two,£18.32,In stock
Killing Floor (Jack Reacher ...,Thriller,Four,£31.49,In stock
The Bone Hunters (Lexy ...,Thriller,Three,£59.71,In stock
Far From True (Promise ...,Thriller,Two,£34.93,In stock
The Travelers,Thriller,One,£15.77,In stock
When We Collided,Contemporary,One,£31.77,In stock
Someone Like You (The ...,Contemporary,Five,£52.79,In stock
We Are All Completely ...,Contemporary,One,£24.04,In stock
The Four Agreements: A ...,Spirituality,Five,£17.66,In stock
The Activist's Tao Te ...,Spirituality,Five,£32.24,In stock
Chasing Heaven: What Dying ...,Spirituality,Two,£37.80,In stock
If I Gave You ...,Spirituality,One,£20.91,In stock
Unreasonable Hope: Finding Faith ...,Spirituality,Two,£46.33,In stock
A New Earth: Awakening ...,Spirituality,Five,£55.65,In stock
Logan Kade (Fallen Crest ...,Academic,Two,£13.12,In stock
Online Marketing for Busy ...,Self Help,One,£46.35,In stock
How to Be Miserable: ...,Self Help,One,£46.03,In stock
"Overload: How to Unplug, ...",Self Help,Three,£52.15,In stock
You Are a Badass: ...,Self Help,Three,£12.08,In stock
How to Stop Worrying ...,Self Help,Five,£46.49,In stock
All the Light We ...,Historical,Five,£29.87,In stock
The Girl You Left ...,Historical,One,£15.79,In stock
(Un)Qualified: How God Uses ...,Christian,Five,£54.00,In stock
Crazy Love: Overwhelmed by ...,Christian,Two,£47.72,In stock
Blue Like Jazz: Nonreligious ...,Christian,One,£25.77,In stock
Silence in the Dark ...,Suspense,Three,£58.33,In stock
The Grownup,Short Stories,One,£35.88,In stock
Suzie Snowflake: One beautiful ...,Novels,Five,£54.81,In stock
The Bulletproof Diet: Lose ...,Health,Three,£49.05,In stock
"Eat Fat, Get Thin",Health,Two,£54.07,In stock
10-Day Green Smoothie Cleanse: ...,Health,Five,£49.71,In stock
The Art and Science ...,Health,Five,£52.98,In stock
Libertarianism for Beginners,Politics,Two,£51.33,In stock
Why the Right Went ...,Politics,Four,£52.65,In stock
Equal Is Unfair: America's ...,Politics,One,£56.86,In stock
Amid the Chaos,Cultural,One,£36.58,In stock
Dark Notes,Erotica,Five,£19.19,In stock
The Long Shadow of ...,Crime,One,£10.97,In stock
